Page,URL
1,https://www.domain.com.au/2104-281-elizabeth-street-sydney-nsw-2000-2018649021?topspot=1
1,https://www.domain.com.au/1905-281-elizabeth-street-sydney-nsw-2000-2019396711?topspot=1
1,https://www.domain.com.au/1-alfred-street-sydney-nsw-2000-2019522695
1,https://www.domain.com.au/1-alfred-street-sydney-nsw-2000-2019558218
1,https://www.domain.com.au/2606-111-castlereagh-street-sydney-nsw-2000-2019557377
1,https://www.domain.com.au/2106-111-castlereagh-street-sydney-nsw-2000-2019557385
1,https://www.domain.com.au/1701-111-castlereagh-street-sydney-nsw-2000-2019557372
1,https://www.domain.com.au/1502-111-castlereagh-street-sydney-nsw-2000-2018802665
1,https://www.domain.com.au/3002-199-castlereagh-street-sydney-nsw-2000-2019765018
1,https://www.domain.com.au/52-57-67-liverpool-street-sydney-nsw-2000-2019757063
1,https://www.domain.com.au/1505-5-york-street-sydney-nsw-2000-2019755475
1,https://www.domain.com.au/703-71-macquarie-street-sydney-nsw-2000-2019754415
1,https://www.domain.com.au/1502-60-bathurst-street-sydney-nsw-2000-2019398126
1,https://www.domain.com.au/809-71-79-macquarie-street-sydney-nsw-2000-2019560369
1,https://www.domain.com.au/46-308-pitt-street-sydney-nsw-2000-2019750894
1,https://www.domain.com.au/2607-185-211-liverpool-street-sydney-nsw-2000-2019730652
1,https://www.domain.com.au/73-515-kent-street-sydney-nsw-2000-2019726915
1,https://www.domain.com.au/sub-penthouse-81-harbour-street-sydney-nsw-2000-2019590473
1,https://www.domain.com.au/605-160-king-street-sydney-nsw-2000-2019238490
1,https://www.domain.com.au/2807-116-bathurst-st-sydney-nsw-2000-2013712281
1,https://www.domain.com.au/1902-116-bathurst-st-sydney-nsw-2000-2019564883
1,https://www.domain.com.au/1502-116-bathurst-st-sydney-nsw-2000-2019168346
1,https://www.domain.com.au/2103-116-bathurst-st-sydney-nsw-2000-2019737270
1,https://www.domain.com.au/2903-117-bathurst-street-sydney-nsw-2000-2019740312
1,https://www.domain.com.au/27-park-street-sydney-nsw-2000-2019442306
1,https://www.domain.com.au/31-2-8-dixon-street-sydney-nsw-2000-2019458189
1,https://www.domain.com.au/1503-281-elizabeth-street-sydney-nsw-2000-2019480471
1,https://www.domain.com.au/1507-129-harrington-street-sydney-nsw-2000-2019719839
1,https://www.domain.com.au/312-27-park-street-sydney-nsw-2000-2019704520
1,https://www.domain.com.au/190-298-304-sussex-street-sydney-nsw-2000-2019258218
1,https://www.domain.com.au/3501-343-pitt-street-sydney-nsw-2000-2019602756
1,https://www.domain.com.au/2701-433-kent-street-sydney-nsw-2000-2019611047
2,https://www.domain.com.au/2504-130-elizabeth-street-sydney-nsw-2000-2019662838
2,https://www.domain.com.au/79-181-clarence-street-sydney-nsw-2000-2019640246
2,https://www.domain.com.au/704-5-york-street-sydney-nsw-2000-2019639366
2,https://www.domain.com.au/1602-71-macquarie-street-sydney-nsw-2000-2019635694
2,https://www.domain.com.au/502-361-sussex-street-sydney-nsw-2000-2019626683
2,https://www.domain.com.au/905-5-york-street-sydney-nsw-2000-2019566644
2,https://www.domain.com.au/2401-130-elizabeth-street-sydney-nsw-2000-2019564592
2,https://www.domain.com.au/5408-101-bathurst-street-sydney-nsw-2000-2019562035
2,https://www.domain.com.au/2401-160-king-street-sydney-nsw-2000-2019541082
2,https://www.domain.com.au/5407-101-bathurst-street-sydney-nsw-2000-2019539203
2,https://www.domain.com.au/1610-161-clarence-street-sydney-nsw-2000-2019537802
2,https://www.domain.com.au/2004-130-elizabeth-street-sydney-nsw-2000-2019533945
2,https://www.domain.com.au/205-57-liverpool-street-sydney-nsw-2000-2019531161
2,https://www.domain.com.au/403-23-shelley-street-sydney-nsw-2000-2019522397
2,https://www.domain.com.au/1006-35-shelley-street-sydney-nsw-2000-2019522396
2,https://www.domain.com.au/2802-5-york-street-sydney-nsw-2000-2019510174
2,https://www.domain.com.au/3701-130-elizabeth-street-sydney-nsw-2000-2019507131
2,https://www.domain.com.au/5306-93-liverpool-street-sydney-nsw-2000-2019443524
2,https://www.domain.com.au/1905-117-bathurst-street-sydney-nsw-2000-2019422681
2,https://www.domain.com.au/2-44-bridge-street-sydney-nsw-2000-2018764715
2,https://www.domain.com.au/190-298-304-sussex-street-sydney-nsw-2000-2019258218
2,https://www.domain.com.au/3501-343-pitt-street-sydney-nsw-2000-2019602756
2,https://www.domain.com.au/2701-433-kent-street-sydney-nsw-2000-2019611047
3,https://www.domain.com.au/1303-23-shelley-street-sydney-nsw-2000-2019387098
3,https://www.domain.com.au/2208-161-clarence-street-sydney-nsw-2000-2019365221
3,https://www.domain.com.au/1901-116-bathurst-street-sydney-nsw-2000-2019347912
3,https://www.domain.com.au/2203-101-bathurst-street-sydney-nsw-2000-2019313673
3,https://www.domain.com.au/5808-117-bathurst-street-sydney-nsw-2000-2019310579
3,https://www.domain.com.au/1007-35-shelley-street-sydney-nsw-2000-2019288910
3,https://www.domain.com.au/1503-433-kent-street-sydney-nsw-2000-2019251493
3,https://www.domain.com.au/1104-15-young-street-sydney-nsw-2000-2019243706
3,https://www.domain.com.au/653-george-street-sydney-nsw-2000-2019161159
3,https://www.domain.com.au/1706-160-king-street-sydney-nsw-2000-2019101620
3,https://www.domain.com.au/27f-88-barangaroo-avenue-sydney-nsw-2000-2019070087
3,https://www.domain.com.au/2609-68-market-street-sydney-nsw-2000-2019035001
3,https://www.domain.com.au/70xx-115-bathurst-street-sydney-nsw-2000-2018887400
3,https://www.domain.com.au/124-361-kent-street-sydney-nsw-2000-2018882297
3,https://www.domain.com.au/224-398-408-pitt-street-sydney-nsw-2000-2018735770
3,https://www.domain.com.au/1507-60-bathurst-street-sydney-nsw-2000-2018658624
3,https://www.domain.com.au/9e-171-gloucester-street-sydney-nsw-2000-2019731378
3,https://www.domain.com.au/3002-157-167-liverpool-street-sydney-nsw-2000-2019730585
3,https://www.domain.com.au/211-569-581-george-street-sydney-nsw-2000-2019708181
3,https://www.domain.com.au/1106-71-macquarie-street-sydney-nsw-2000-2019693450
3,https://www.domain.com.au/190-298-304-sussex-street-sydney-nsw-2000-2019258218
3,https://www.domain.com.au/3501-343-pitt-street-sydney-nsw-2000-2019602756
3,https://www.domain.com.au/2701-433-kent-street-sydney-nsw-2000-2019611047
4,https://www.domain.com.au/506-23-shelley-street-sydney-nsw-2000-2019679109
4,https://www.domain.com.au/318-187-kent-street-sydney-nsw-2000-2019645363
4,https://www.domain.com.au/73-398-408-pitt-street-sydney-nsw-2000-2019625538
4,https://www.domain.com.au/280-569-581-george-street-sydney-nsw-2000-2019619993
4,https://www.domain.com.au/901-129-harrington-street-sydney-nsw-2000-2019618670
4,https://www.domain.com.au/2106-161-clarence-street-sydney-nsw-2000-2019615219
4,https://www.domain.com.au/2910-68-70-market-street-sydney-nsw-2000-2019610190
4,https://www.domain.com.au/1103-15-young-street-sydney-nsw-2000-2019596903
4,https://www.domain.com.au/801-5-york-street-sydney-nsw-2000-2019595552
4,https://www.domain.com.au/413-2-bond-street-sydney-nsw-2000-2019555479
4,https://www.domain.com.au/6-267-277-castlereagh-street-sydney-nsw-2000-2019549554
4,https://www.domain.com.au/level-45-101-bathurst-street-sydney-nsw-2000-2019531061
4,https://www.domain.com.au/2515-101-bathurst-street-sydney-nsw-2000-2019522172
4,https://www.domain.com.au/1201-50-clarence-street-sydney-nsw-2000-2019517902
4,https://www.domain.com.au/25-365-kent-street-sydney-nsw-2000-2019516588
4,https://www.domain.com.au/708-709-71-macquarie-street-sydney-nsw-2000-2019514205
4,https://www.domain.com.au/5403-101-bathurst-street-sydney-nsw-2000-2019505581
4,https://www.domain.com.au/sub-penthouse-115-bathurst-street-sydney-nsw-2000-2019503044
4,https://www.domain.com.au/2801-98-gloucester-street-sydney-nsw-2000-2019490179
4,https://www.domain.com.au/804-160-king-street-sydney-nsw-2000-2019481527
4,https://www.domain.com.au/190-298-304-sussex-street-sydney-nsw-2000-2019258218
4,https://www.domain.com.au/3501-343-pitt-street-sydney-nsw-2000-2019602756
4,https://www.domain.com.au/2701-433-kent-street-sydney-nsw-2000-2019611047
5,https://www.domain.com.au/115-bathurst-street-sydney-nsw-2000-2019465298
5,https://www.domain.com.au/3802-38-york-street-sydney-nsw-2000-2019464668
5,https://www.domain.com.au/1102-160-king-street-sydney-nsw-2000-2019428175
5,https://www.domain.com.au/403-130-elizabeth-street-sydney-nsw-2000-2019412623
5,https://www.domain.com.au/1905-281-elizabeth-street-sydney-nsw-2000-2019396711
5,https://www.domain.com.au/2906-117-bathurst-street-sydney-nsw-2000-2019372485
5,https://www.domain.com.au/414-23-shelley-street-sydney-nsw-2000-2019346890
5,https://www.domain.com.au/602-130-elizabeth-street-sydney-nsw-2000-2019331910
5,https://www.domain.com.au/1404-71-macquarie-street-sydney-nsw-2000-2019322608
5,https://www.domain.com.au/202-27-barangaroo-avenue-sydney-nsw-2000-2019318464
5,https://www.domain.com.au/707-71-macquarie-street-sydney-nsw-2000-2019295493
5,https://www.domain.com.au/1704-130-elizabeth-street-sydney-nsw-2000-2019264303
5,https://www.domain.com.au/3709-117-bathurst-street-sydney-nsw-2000-2019233762
5,https://www.domain.com.au/2307-101-bathurst-street-sydney-nsw-2000-2019192336
5,https://www.domain.com.au/12a-88-barangaroo-avenue-sydney-nsw-2000-2019190354
5,https://www.domain.com.au/502-188-day-street-sydney-nsw-2000-2018785989
5,https://www.domain.com.au/2706-116-bathurst-street-sydney-nsw-2000-2019157650
5,https://www.domain.com.au/8e-171-gloucester-street-sydney-nsw-2000-2019054100
5,https://www.domain.com.au/2606-117-bathurst-street-sydney-nsw-2000-2019093245
5,https://www.domain.com.au/3302-116-bathurst-street-sydney-nsw-2000-2018177282
5,https://www.domain.com.au/190-298-304-sussex-street-sydney-nsw-2000-2019258218
5,https://www.domain.com.au/3501-343-pitt-street-sydney-nsw-2000-2019602756
5,https://www.domain.com.au/2701-433-kent-street-sydney-nsw-2000-2019611047
6,https://www.domain.com.au/level-16-8-dixon-street-sydney-nsw-2000-2019003683
6,https://www.domain.com.au/2004-160-king-street-sydney-nsw-2000-2018841379
6,https://www.domain.com.au/207-187-kent-street-sydney-nsw-2000-2018791530
6,https://www.domain.com.au/5103-93-liverpool-street-sydney-nsw-2000-2018772252
6,https://www.domain.com.au/2104-281-elizabeth-street-sydney-nsw-2000-2018649021
6,https://www.domain.com.au/1006-361-sussex-street-sydney-nsw-2000-2019742716
6,https://www.domain.com.au/1202-209-castlereagh-street-sydney-nsw-2000-2019635305
6,https://www.domain.com.au/1008-28-harbour-st-sydney-nsw-2000-2016770731
6,https://www.domain.com.au/405-130-elizabeth-street-sydney-nsw-2000-2019551656
6,https://www.domain.com.au/301-185-macquarie-street-sydney-nsw-2000-2019541127
6,https://www.domain.com.au/510-71-macquarie-street-sydney-nsw-2000-2019532344
6,https://www.domain.com.au/53-25-market-street-sydney-nsw-2000-2019475258
6,https://www.domain.com.au/1101-1-5-hosking-place-sydney-nsw-2000-2019438577
6,https://www.domain.com.au/813-187-kent-street-sydney-nsw-2000-2019435561
6,https://www.domain.com.au/501-718-george-street-sydney-nsw-2000-2019376354
6,https://www.domain.com.au/sydney-nsw-2000-2019311239
6,https://www.domain.com.au/sydney-nsw-2000-2019303330
6,https://www.domain.com.au/sydney-nsw-2000-2019303328
6,https://www.domain.com.au/1312-183-kent-street-sydney-nsw-2000-2019170764
6,https://www.domain.com.au/76-3-macquarie-street-sydney-nsw-2000-2019163582
6,https://www.domain.com.au/190-298-304-sussex-street-sydney-nsw-2000-2019258218
6,https://www.domain.com.au/3501-343-pitt-street-sydney-nsw-2000-2019602756
6,https://www.domain.com.au/2701-433-kent-street-sydney-nsw-2000-2019611047
7,https://www.domain.com.au/2602-117-bathurst-street-sydney-nsw-2000-2019160289
7,https://www.domain.com.au/1203-6-little-hay-street-sydney-nsw-2000-2019149564
7,https://www.domain.com.au/1908-348-sussex-st-sydney-nsw-2000-2019126627
7,https://www.domain.com.au/1803-60-bathurst-st-sydney-nsw-2000-2019031277
7,https://www.domain.com.au/2706-68-70-market-st-sydney-nsw-2000-2019028163
7,https://www.domain.com.au/7106-117-bathurst-street-sydney-nsw-2000-2018902560
7,https://www.domain.com.au/6101-117-bathurst-street-sydney-nsw-2000-2018899314
7,https://www.domain.com.au/1305-161-clarence-street-sydney-nsw-2000-2018794022
7,https://www.domain.com.au/3703-117-bathurst-street-sydney-nsw-2000-2018742650
7,https://www.domain.com.au/1202-11-alberta-st-sydney-nsw-2000-2018707667
7,https://www.domain.com.au/1701-160-king-street-sydney-nsw-2000-2018691893
7,https://www.domain.com.au/504-71-macquarie-street-sydney-nsw-2000-2018544786
7,https://www.domain.com.au/700x-115-bathurst-st-sydney-nsw-2000-2018510139
7,https://www.domain.com.au/105-188-day-street-sydney-nsw-2000-2018444863
7,https://www.domain.com.au/1503-718-george-street-sydney-nsw-2000-2018328572
7,https://www.domain.com.au/1504-148-160-king-street-sydney-nsw-2000-2018169598
7,https://www.domain.com.au/n910-23-shelley-street-sydney-nsw-2000-2018078510
7,https://www.domain.com.au/level-12-303-castlereagh-street-sydney-nsw-2000-2013554678
7,https://www.domain.com.au/2-bond-street-sydney-nsw-2000-2017338073
7,https://www.domain.com.au/3305-38-york-street-sydney-nsw-2000-2017335062
7,https://www.domain.com.au/190-298-304-sussex-street-sydney-nsw-2000-2019258218
7,https://www.domain.com.au/3501-343-pitt-street-sydney-nsw-2000-2019602756
7,https://www.domain.com.au/2701-433-kent-street-sydney-nsw-2000-2019611047
8,https://www.domain.com.au/115-bathurst-st-sydney-nsw-2000-2016956816
8,https://www.domain.com.au/115-bathurst-st-sydney-nsw-2000-2016956823
8,https://www.domain.com.au/343-357-pitt-street-sydney-nsw-2000-2016457746
8,https://www.domain.com.au/level-29-91-liverpool-street-sydney-nsw-2000-2013554411
8,https://www.domain.com.au/10-nicolle-walk-sydney-nsw-2000-2013543098
8,https://www.domain.com.au/1001-188-day-street-sydney-nsw-2000-2019767428
8,https://www.domain.com.au/level-56-93-liverpool-st-sydney-nsw-2000-2019537485
8,https://www.domain.com.au/3509-117-bathurst-street-sydney-nsw-2000-2019039244
8,https://www.domain.com.au/1104-710-george-st-sydney-nsw-2000-2019759992
8,https://www.domain.com.au/15b-2-watermans-quay-sydney-nsw-2000-2019659275
8,https://www.domain.com.au/2305-82-hay-st-sydney-nsw-2000-2019538561
8,https://www.domain.com.au/1103-71-macquarie-street-sydney-nsw-2000-2019725316
8,https://www.domain.com.au/59-365-377-kent-street-sydney-nsw-2000-2019722017
8,https://www.domain.com.au/6705-117-bathurst-st-sydney-nsw-2000-2019329643
8,https://www.domain.com.au/sydney-nsw-2000-2019691680
8,https://www.domain.com.au/sydney-nsw-2000-2019691674
8,https://www.domain.com.au/sydney-nsw-2000-2019672602
8,https://www.domain.com.au/sydney-nsw-2000-2019642280
8,https://www.domain.com.au/sydney-nsw-2000-2019641488
8,https://www.domain.com.au/sydney-nsw-2000-2019628355
8,https://www.domain.com.au/190-298-304-sussex-street-sydney-nsw-2000-2019258218
8,https://www.domain.com.au/3501-343-pitt-street-sydney-nsw-2000-2019602756
8,https://www.domain.com.au/2701-433-kent-street-sydney-nsw-2000-2019611047
9,https://www.domain.com.au/level17-591-george-street-sydney-nsw-2000-2019626642
9,https://www.domain.com.au/2107-91-liverpool-street-sydney-nsw-2000-2019608572
9,https://www.domain.com.au/sydney-nsw-2000-2019605104
9,https://www.domain.com.au/sydney-nsw-2000-2019605100
9,https://www.domain.com.au/sydney-nsw-2000-2019605092
9,https://www.domain.com.au/178-27-park-street-sydney-nsw-2000-2019605026
9,https://www.domain.com.au/206-219-kent-street-sydney-nsw-2000-2019586937
9,https://www.domain.com.au/5903-91-liverpool-st-sydney-nsw-2000-2019581805
9,https://www.domain.com.au/3002-38-york-st-sydney-nsw-2000-2019571490
9,https://www.domain.com.au/king-street-sydney-nsw-2000-2019561632
9,https://www.domain.com.au/1006-15-young-st-sydney-nsw-2000-2019535488
9,https://www.domain.com.au/sydney-nsw-2000-2019531715
9,https://www.domain.com.au/57-289-sussex-street-sydney-nsw-2000-2019523985
9,https://www.domain.com.au/sydney-nsw-2000-2019520349
9,https://www.domain.com.au/sydney-nsw-2000-2019508240
9,https://www.domain.com.au/sydney-nsw-2000-2019502504
9,https://www.domain.com.au/sydney-nsw-2000-2019501308
9,https://www.domain.com.au/sydney-nsw-2000-2019501252
9,https://www.domain.com.au/701-71-macquarie-st-sydney-nsw-2000-2019470556
9,https://www.domain.com.au/1510-197-199-castlereagh-street-sydney-nsw-2000-2019468189
9,https://www.domain.com.au/190-298-304-sussex-street-sydney-nsw-2000-2019258218
9,https://www.domain.com.au/3501-343-pitt-street-sydney-nsw-2000-2019602756
9,https://www.domain.com.au/2701-433-kent-street-sydney-nsw-2000-2019611047
10,https://www.domain.com.au/59-361-363-kent-street-sydney-nsw-2000-2019461239
10,https://www.domain.com.au/15-289-sussex-street-sydney-nsw-2000-2019442499
10,https://www.domain.com.au/2201-117-bathurst-street-sydney-nsw-2000-2019439574
10,https://www.domain.com.au/301-11-alberta-street-sydney-nsw-2000-2019403418
10,https://www.domain.com.au/50e-2-watermans-quay-sydney-nsw-2000-2019393103
10,https://www.domain.com.au/3274-65-tumbalong-blvd-sydney-nsw-2000-2019387575
10,https://www.domain.com.au/701-267-sussex-street-sydney-nsw-2000-2019347725
10,https://www.domain.com.au/601-132-sussex-street-sydney-nsw-2000-2019334373
10,https://www.domain.com.au/2611-183-kent-street-sydney-nsw-2000-2019334002
10,https://www.domain.com.au/level-13-130-elizabeth-street-sydney-nsw-2000-2019305983
10,https://www.domain.com.au/sydney-nsw-2000-2019304207
10,https://www.domain.com.au/1005-60-bathurst-st-sydney-nsw-2000-2019279495
10,https://www.domain.com.au/2114-101-bathurst-street-sydney-nsw-2000-2019266455
10,https://www.domain.com.au/level-13-82-hay-st-sydney-nsw-2000-2019257725
10,https://www.domain.com.au/mid-level-71-macquarie-st-sydney-nsw-2000-2019210707
10,https://www.domain.com.au/apt-35f-88-barangaroo-ave-sydney-nsw-2000-2019082280
10,https://www.domain.com.au/502-281-elizabeth-street-sydney-nsw-2000-2018813530
10,https://www.domain.com.au/2502-127-kent-street-sydney-nsw-2000-2019140786
10,https://www.domain.com.au/2607-116-bathurst-street-sydney-nsw-2000-2019127431
10,https://www.domain.com.au/1701-116-bathurst-street-sydney-nsw-2000-2019127429
10,https://www.domain.com.au/190-298-304-sussex-street-sydney-nsw-2000-2019258218
10,https://www.domain.com.au/3501-343-pitt-street-sydney-nsw-2000-2019602756
10,https://www.domain.com.au/2701-433-kent-street-sydney-nsw-2000-2019611047
11,https://www.domain.com.au/101-bathurst-street-sydney-nsw-2000-2019119373
11,https://www.domain.com.au/507-10-nicolle-walk-sydney-nsw-2000-2019089165
11,https://www.domain.com.au/234-158-166-day-street-289-295-sussex-street-sydney-nsw-2000-2019072865
11,https://www.domain.com.au/2304-82-hay-st-sydney-nsw-2000-2018538019
11,https://www.domain.com.au/504-281-elizabeth-street-sydney-nsw-2000-2018929373
11,https://www.domain.com.au/117-bathurst-street-sydney-nsw-2000-2018881950
11,https://www.domain.com.au/2-watermans-quay-sydney-nsw-2000-2018702046
11,https://www.domain.com.au/2904-38-york-street-sydney-nsw-2000-2018786345
11,https://www.domain.com.au/level-18-130-elizabeth-street-sydney-nsw-2000-2018759056
11,https://www.domain.com.au/1005-209-castlereagh-street-sydney-nsw-2000-2018612770
11,https://www.domain.com.au/2306-116-bathurst-st-sydney-nsw-2000-2018378255
11,https://www.domain.com.au/1308-117-bathurst-street-sydney-nsw-2000-2018052492
11,https://www.domain.com.au/19xx-203-castlereagh-street-sydney-nsw-2000-2018281302
11,https://www.domain.com.au/2705-116-bathurst-street-sydney-nsw-2000-2018229822
11,https://www.domain.com.au/13a-04-116-bathurst-street-sydney-nsw-2000-2018229442
11,https://www.domain.com.au/2906-116-bathurst-street-sydney-nsw-2000-2018229362
11,https://www.domain.com.au/101-bathurst-street-sydney-nsw-2000-2018202771
11,https://www.domain.com.au/101-650-george-st-sydney-nsw-2000-2014787880
11,https://www.domain.com.au/sydney-nsw-2000-2018064761
11,https://www.domain.com.au/1203-161-clarence-st-sydney-nsw-2000-2017641933
11,https://www.domain.com.au/190-298-304-sussex-street-sydney-nsw-2000-2019258218
11,https://www.domain.com.au/3501-343-pitt-street-sydney-nsw-2000-2019602756
11,https://www.domain.com.au/2701-433-kent-street-sydney-nsw-2000-2019611047
12,https://www.domain.com.au/33xx-115-bathurst-street-sydney-nsw-2000-2017899368
12,https://www.domain.com.au/117-bathurst-street-sydney-nsw-2000-2017863859
12,https://www.domain.com.au/bathurst-street-sydney-nsw-2000-2017847223
12,https://www.domain.com.au/6106-117-bathurst-street-sydney-nsw-2000-2017813730
12,https://www.domain.com.au/117-bathurst-street-sydney-nsw-2000-2017731732
12,https://www.domain.com.au/1505-653-george-street-sydney-nsw-2000-2017729664
12,https://www.domain.com.au/level-2-130-elizabeth-street-126-sqm-sydney-nsw-2000-2017213668
12,https://www.domain.com.au/256-158-166-day-street-289-295-sussex-street-sydney-nsw-2000-2017164541
12,https://www.domain.com.au/7003-117-bathurst-sydney-nsw-2000-2016759908
12,https://www.domain.com.au/203-castlereagh-street-sydney-nsw-2000-2013733407
12,https://www.domain.com.au/202-303-castlereagh-street-sydney-nsw-2000-2018971128
12,https://www.domain.com.au/127-336-sussex-street-sydney-nsw-2000-2019440367
12,https://www.domain.com.au/sydney-nsw-2000-2017711713
12,https://www.domain.com.au/167-2-8-dixon-street-sydney-nsw-2000-2019734179
12,https://www.domain.com.au/2105-2-quay-street-sydney-nsw-2000-2019731183
12,https://www.domain.com.au/1306-188-day-street-sydney-nsw-2000-2019731166
12,https://www.domain.com.au/lvl-2-178-thomas-street-sydney-nsw-2000-2019731104
12,https://www.domain.com.au/1308-82-hay-street-sydney-nsw-2000-2019730780
12,https://www.domain.com.au/g01-50-murray-street-sydney-nsw-2000-2019701052
12,https://www.domain.com.au/level-10-115-bathurst-street-sydney-nsw-2000-2019697314
12,https://www.domain.com.au/190-298-304-sussex-street-sydney-nsw-2000-2019258218
12,https://www.domain.com.au/3501-343-pitt-street-sydney-nsw-2000-2019602756
12,https://www.domain.com.au/2701-433-kent-street-sydney-nsw-2000-2019611047
13,https://www.domain.com.au/205-298-sussex-street-sydney-nsw-2000-2019660595
13,https://www.domain.com.au/2501-718-george-street-sydney-nsw-2000-2019658063
13,https://www.domain.com.au/805-83-harbour-street-sydney-nsw-2000-2019643497
13,https://www.domain.com.au/3712-393-pitt-street-sydney-nsw-2000-2019612680
13,https://www.domain.com.au/car-2-quay-street-sydney-nsw-2000-2014390208
13,https://www.domain.com.au/1307-83-harbour-street-sydney-nsw-2000-2019236939
13,https://www.domain.com.au/1308-33-ultimo-road-sydney-nsw-2000-2019515177
13,https://www.domain.com.au/3301-91-liverpool-street-sydney-nsw-2000-2019499692
13,https://www.domain.com.au/93-289-sussex-street-sydney-nsw-2000-2019490154
13,https://www.domain.com.au/lvl-4-45-shelly-street-sydney-nsw-2000-2019254385
13,https://www.domain.com.au/911-348-352-sussex-street-sydney-nsw-2000-2019474903
13,https://www.domain.com.au/4402-93-liverpool-street-sydney-nsw-2000-2019468913
13,https://www.domain.com.au/high-level-115-117-bathurst-street-sydney-nsw-2000-2018726561
13,https://www.domain.com.au/1204-81-harbour-street-sydney-nsw-2000-2018659675
13,https://www.domain.com.au/3010-91-93-liverpool-st-sydney-nsw-2000-2019404091
13,https://www.domain.com.au/lvl-28-2-quay-street-sydney-nsw-2000-2019374719
13,https://www.domain.com.au/1306-188-day-street-sydney-nsw-2000-2019235857
13,https://www.domain.com.au/502-88-hay-street-sydney-nsw-2000-2018782258
13,https://www.domain.com.au/349-liverpool-street-darlinghurst-nsw-2010-2019760963
13,https://www.domain.com.au/349-liverpool-street-darlinghurst-nsw-2010-2019760939
13,https://www.domain.com.au/349-liverpool-street-darlinghurst-nsw-2010-2019760865
13,https://www.domain.com.au/1502-20-pelican-street-surry-hills-nsw-2010-2019766600
13,https://www.domain.com.au/190-298-304-sussex-street-sydney-nsw-2000-2019258218
13,https://www.domain.com.au/3501-343-pitt-street-sydney-nsw-2000-2019602756
13,https://www.domain.com.au/2701-433-kent-street-sydney-nsw-2000-2019611047
14,https://www.domain.com.au/b812-62-mountain-street-ultimo-nsw-2007-2019766346
14,https://www.domain.com.au/33-6-14-darley-street-darlinghurst-nsw-2010-2019766037
14,https://www.domain.com.au/9-81-elizabeth-bay-road-elizabeth-bay-nsw-2011-2019608009
14,https://www.domain.com.au/121-1-wattle-crescent-pyrmont-nsw-2009-2019764965
14,https://www.domain.com.au/15-cadigal-avenue-pyrmont-nsw-2009-2019764874
14,https://www.domain.com.au/708-50-58-macleay-street-elizabeth-bay-nsw-2011-2019764271
14,https://www.domain.com.au/508-105-campbell-street-surry-hills-nsw-2010-2019763389
14,https://www.domain.com.au/17-99-stanley-street-darlinghurst-nsw-2010-2019762836
14,https://www.domain.com.au/44-womerah-avenue-darlinghurst-nsw-2010-2019762671
14,https://www.domain.com.au/1108-20-pelican-street-surry-hills-nsw-2010-2019762510
14,https://www.domain.com.au/29-challis-avenue-potts-point-nsw-2011-2019762349
14,https://www.domain.com.au/27-204-victoria-street-potts-point-nsw-2011-2019762005
14,https://www.domain.com.au/5-1-evans-road-rushcutters-bay-nsw-2011-2019761493
14,https://www.domain.com.au/1205-184-forbes-street-darlinghurst-nsw-2010-2019761113
14,https://www.domain.com.au/72-104-miller-street-pyrmont-nsw-2009-2019506101
14,https://www.domain.com.au/23-16-30-bunn-street-pyrmont-nsw-2009-2019760434
14,https://www.domain.com.au/7-10-12-farrell-avenue-darlinghurst-nsw-2010-2019760360
14,https://www.domain.com.au/1-233-darlinghurst-road-darlinghurst-nsw-2010-2019759991
14,https://www.domain.com.au/114-13-waine-street-surry-hills-nsw-2010-2019759744
14,https://www.domain.com.au/513-4-neild-avenue-darlinghurst-nsw-2010-2019759185
14,https://www.domain.com.au/190-298-304-sussex-street-sydney-nsw-2000-2019258218
14,https://www.domain.com.au/3501-343-pitt-street-sydney-nsw-2000-2019602756
14,https://www.domain.com.au/2701-433-kent-street-sydney-nsw-2000-2019611047
15,https://www.domain.com.au/412-16-20-smail-street-ultimo-nsw-2007-2019759101
15,https://www.domain.com.au/108-18-bayswater-road-potts-point-nsw-2011-2019759064
15,https://www.domain.com.au/2-1-kellett-place-rushcutters-bay-nsw-2011-2019758404
15,https://www.domain.com.au/109-victoria-street-potts-point-nsw-2011-2019757870
15,https://www.domain.com.au/709-50-murray-street-pyrmont-nsw-2009-2019757854
15,https://www.domain.com.au/173-310-wattle-street-ultimo-nsw-2007-2019757809
15,https://www.domain.com.au/538-6-cowper-wharf-roadway-woolloomooloo-nsw-2011-2019474064
15,https://www.domain.com.au/511-28-macleay-street-elizabeth-bay-nsw-2011-2019413938
15,https://www.domain.com.au/240-bulwara-road-ultimo-nsw-2007-2019757369
15,https://www.domain.com.au/404-1-randle-street-surry-hills-nsw-2010-2019756890
15,https://www.domain.com.au/55-belmore-lane-surry-hills-nsw-2010-2019756889
15,https://www.domain.com.au/509-133-goulburn-street-surry-hills-nsw-2010-2019756411
15,https://www.domain.com.au/6-davies-street-surry-hills-nsw-2010-2019755985
15,https://www.domain.com.au/144-foveaux-street-surry-hills-nsw-2010-2019755392
15,https://www.domain.com.au/1-35-37-elizabeth-bay-road-elizabeth-bay-nsw-2011-2019755366
15,https://www.domain.com.au/93-stanley-street-darlinghurst-nsw-2010-2019755117
15,https://www.domain.com.au/46-taylor-street-darlinghurst-nsw-2010-2019754583
15,https://www.domain.com.au/49-2-4-greenknowe-avenue-elizabeth-bay-nsw-2011-2019754487
15,https://www.domain.com.au/168-forbes-street-woolloomooloo-nsw-2011-2019754338
15,https://www.domain.com.au/154-6-14-oxford-street-darlinghurst-nsw-2010-2019753774
15,https://www.domain.com.au/190-298-304-sussex-street-sydney-nsw-2000-2019258218
15,https://www.domain.com.au/3501-343-pitt-street-sydney-nsw-2000-2019602756
15,https://www.domain.com.au/2701-433-kent-street-sydney-nsw-2000-2019611047
16,https://www.domain.com.au/446-wattle-street-ultimo-nsw-2007-2019753752
16,https://www.domain.com.au/73-30-nobbs-street-surry-hills-nsw-2010-2019753551
16,https://www.domain.com.au/142-19-hickson-road-walsh-bay-nsw-2000-2019573120
16,https://www.domain.com.au/1010-66-bowman-street-pyrmont-nsw-2009-2019753305
16,https://www.domain.com.au/2801-129-harrington-street-the-rocks-nsw-2000-2019465544
16,https://www.domain.com.au/58-nickson-street-surry-hills-nsw-2010-2019752061
16,https://www.domain.com.au/2803-184-forbes-street-darlinghurst-nsw-2010-2019553332
16,https://www.domain.com.au/1-7-springfield-avenue-potts-point-nsw-2011-2019653545
16,https://www.domain.com.au/42-117-macleay-street-potts-point-nsw-2011-2019750957
16,https://www.domain.com.au/1102-21-elizabeth-bay-road-elizabeth-bay-nsw-2011-2019750907
16,https://www.domain.com.au/502-380-harris-street-pyrmont-nsw-2009-2019750731
16,https://www.domain.com.au/18-85-bourke-street-woolloomooloo-nsw-2011-2019750672
16,https://www.domain.com.au/201-76-roslyn-gardens-rushcutters-bay-nsw-2011-2019589264
16,https://www.domain.com.au/101-85-macleay-street-potts-point-nsw-2011-2019750377
16,https://www.domain.com.au/3203-184-forbes-street-darlinghurst-nsw-2010-2019750311
16,https://www.domain.com.au/26-belmore-street-surry-hills-nsw-2010-2019726353
16,https://www.domain.com.au/263-forbes-street-darlinghurst-nsw-2010-2019749532
16,https://www.domain.com.au/18-goodchap-street-surry-hills-nsw-2010-2019743322
16,https://www.domain.com.au/level-10-104-18-32-oxford-street-darlinghurst-nsw-2010-2019742255
16,https://www.domain.com.au/1903-82-hay-street-haymarket-nsw-2000-2019089431
16,https://www.domain.com.au/190-298-304-sussex-street-sydney-nsw-2000-2019258218
16,https://www.domain.com.au/3501-343-pitt-street-sydney-nsw-2000-2019602756
16,https://www.domain.com.au/2701-433-kent-street-sydney-nsw-2000-2019611047
17,https://www.domain.com.au/55-hackett-street-ultimo-nsw-2007-2019727896
17,https://www.domain.com.au/3-93-elizabeth-bay-road-elizabeth-bay-nsw-2011-2019724448
17,https://www.domain.com.au/6-6-high-holborn-street-surry-hills-nsw-2010-2019723423
17,https://www.domain.com.au/304-302-308-crown-street-darlinghurst-nsw-2010-2019716395
17,https://www.domain.com.au/42-1-holdsworth-avenue-rushcutters-bay-nsw-2011-2019706513
17,https://www.domain.com.au/401-38a-cumberland-street-the-rocks-nsw-2000-2019672961
17,https://www.domain.com.au/307-12-macleay-street-potts-point-nsw-2011-2019563374
17,https://www.domain.com.au/702-276-bulwara-road-ultimo-nsw-2007-2019533901
17,https://www.domain.com.au/201-85-harrington-street-the-rocks-nsw-2000-2019503570
17,https://www.domain.com.au/1105-1-boomerang-place-woolloomooloo-nsw-2011-2019470741
17,https://www.domain.com.au/9-9a-high-street-millers-point-nsw-2000-2019265599
17,https://www.domain.com.au/601-280-bulwara-road-ultimo-nsw-2007-2019047497
17,https://www.domain.com.au/20e-6-watermans-quay-barangaroo-nsw-2000-2017520922
17,https://www.domain.com.au/6d-88-barangaroo-avenue-barangaroo-nsw-2000-2019356207
17,https://www.domain.com.au/77c-2-watermans-quay-barangaroo-nsw-2000-2019626942
17,https://www.domain.com.au/27g-6-watermans-quay-barangaroo-nsw-2000-2019737693
17,https://www.domain.com.au/101-19-cadigal-avenue-pyrmont-nsw-2009-2019749625
17,https://www.domain.com.au/22-137-forbes-street-woolloomooloo-nsw-2011-2019747807
17,https://www.domain.com.au/303-46-52-wentworth-ave-surry-hills-nsw-2010-2019747568
17,https://www.domain.com.au/3-79-elizabeth-bay-road-elizabeth-bay-nsw-2011-2019746997
17,https://www.domain.com.au/11-75-elizabeth-bay-road-elizabeth-bay-nsw-2011-2019746784
17,https://www.domain.com.au/205-117-kippax-street-surry-hills-nsw-2010-2019746416
17,https://www.domain.com.au/1803-83-harbour-street-haymarket-nsw-2000-2019745198
17,https://www.domain.com.au/190-298-304-sussex-street-sydney-nsw-2000-2019258218
17,https://www.domain.com.au/3501-343-pitt-street-sydney-nsw-2000-2019602756
17,https://www.domain.com.au/2701-433-kent-street-sydney-nsw-2000-2019611047
18,https://www.domain.com.au/14-57-cowper-wharf-road-woolloomooloo-nsw-2011-2019640051
18,https://www.domain.com.au/39b-2-watermans-quay-barangaroo-nsw-2000-2019744813
18,https://www.domain.com.au/8-15-billyard-avenue-elizabeth-bay-nsw-2011-2019744523
18,https://www.domain.com.au/306-81-macleay-street-potts-point-nsw-2011-2019475504
18,https://www.domain.com.au/22-147-brougham-street-woolloomooloo-nsw-2011-2019577461
18,https://www.domain.com.au/203-2-jones-bay-road-pyrmont-nsw-2009-2019743783
18,https://www.domain.com.au/10-71-victoria-street-potts-point-nsw-2011-2019743227
18,https://www.domain.com.au/32-3-wylde-street-potts-point-nsw-2011-2019742773
18,https://www.domain.com.au/6-16-18-waratah-street-rushcutters-bay-nsw-2011-2019742460
18,https://www.domain.com.au/1107-174-186-goulburn-street-surry-hills-nsw-2010-2019742310
18,https://www.domain.com.au/6-sir-john-young-crescent-woolloomooloo-nsw-2011-2019741670
18,https://www.domain.com.au/19-224-william-street-potts-point-nsw-2011-2019741669
18,https://www.domain.com.au/18-5-7-esplanade-elizabeth-bay-nsw-2011-2019741668
18,https://www.domain.com.au/507-2a-elizabeth-bay-road-elizabeth-bay-nsw-2011-2019741666
18,https://www.domain.com.au/34-95-elizabeth-bay-road-elizabeth-bay-nsw-2011-2019741610
18,https://www.domain.com.au/803-74-76-roslyn-gardens-rushcutters-bay-nsw-2011-2019741564
18,https://www.domain.com.au/52-60-70-william-street-woolloomooloo-nsw-2011-2019741559
18,https://www.domain.com.au/10-32-40-holt-street-surry-hills-nsw-2010-2019741303
18,https://www.domain.com.au/104-221-223-darlinghurst-road-darlinghurst-nsw-2010-2019741150
18,https://www.domain.com.au/370-6-cowper-wharf-roadway-woolloomooloo-nsw-2011-2019305335
18,https://www.domain.com.au/190-298-304-sussex-street-sydney-nsw-2000-2019258218
18,https://www.domain.com.au/3501-343-pitt-street-sydney-nsw-2000-2019602756
18,https://www.domain.com.au/2701-433-kent-street-sydney-nsw-2000-2019611047
19,https://www.domain.com.au/d407-26-point-street-pyrmont-nsw-2009-2019740689
19,https://www.domain.com.au/1203-58-mountain-street-ultimo-nsw-2007-2019740622
19,https://www.domain.com.au/10-587-589-riley-street-surry-hills-nsw-2010-2019740195
19,https://www.domain.com.au/702-85-macleay-street-potts-point-nsw-2011-2019740145
19,https://www.domain.com.au/26-251-263-goulburn-street-surry-hills-nsw-2010-2019739704
19,https://www.domain.com.au/55-60-70-william-st-woolloomooloo-nsw-2011-2019738265
19,https://www.domain.com.au/905-174-186-goulburn-street-surry-hills-nsw-2010-2019738076
19,https://www.domain.com.au/15-darley-street-darlinghurst-nsw-2010-2019737156
19,https://www.domain.com.au/540-99-jones-street-ultimo-nsw-2007-2019736990
19,https://www.domain.com.au/105-220-goulburn-street-darlinghurst-nsw-2010-2019736575
19,https://www.domain.com.au/184-186-campbell-street-darlinghurst-nsw-2010-2019401629
19,https://www.domain.com.au/1-onslow-place-elizabeth-bay-nsw-2011-2019732034
19,https://www.domain.com.au/360-6c-cowper-wharf-roadway-woolloomooloo-nsw-2011-2019451217
19,https://www.domain.com.au/314-47-cooper-street-surry-hills-nsw-2010-2019323772
19,https://www.domain.com.au/339-south-dowling-street-darlinghurst-nsw-2010-2019661353
19,https://www.domain.com.au/2-44-hardie-street-darlinghurst-nsw-2010-2019710857
19,https://www.domain.com.au/85-122-saunders-street-pyrmont-nsw-2009-2019639795
19,https://www.domain.com.au/9-233-harris-street-pyrmont-nsw-2009-2019602264
19,https://www.domain.com.au/10-2a-darley-street-darlinghurst-nsw-2010-2019709843
19,https://www.domain.com.au/4-16-royston-street-darlinghurst-nsw-2010-2019509962
19,https://www.domain.com.au/190-298-304-sussex-street-sydney-nsw-2000-2019258218
19,https://www.domain.com.au/3501-343-pitt-street-sydney-nsw-2000-2019602756
19,https://www.domain.com.au/2701-433-kent-street-sydney-nsw-2000-2019611047
20,https://www.domain.com.au/3-10a-clapton-place-darlinghurst-nsw-2010-2019487410
20,https://www.domain.com.au/35e-88-barangaroo-avenue-barangaroo-nsw-2000-2019691471
20,https://www.domain.com.au/204-389-393-bourke-street-surry-hills-nsw-2010-2019689932
20,https://www.domain.com.au/28d-2-watermans-quay-barangaroo-nsw-2000-2019476367
20,https://www.domain.com.au/51c-2-waterman-quay-barangaroo-nsw-2000-2019668281
20,https://www.domain.com.au/2201-348-352-sussex-street-haymarket-nsw-2000-2019666351
20,https://www.domain.com.au/3-30-nobbs-st-surry-hills-nsw-2010-2019662063
20,https://www.domain.com.au/unit-9-42-bayswater-rd-rushcutters-bay-nsw-2011-2019659798
20,https://www.domain.com.au/2118-185-211-broadway-ultimo-nsw-2007-2019645461
20,https://www.domain.com.au/205-8-14-wharf-crescent-pyrmont-nsw-2009-2019644712
20,https://www.domain.com.au/29-billyard-ave-elizabeth-bay-nsw-2011-2019642182
20,https://www.domain.com.au/902-1-9-pyrmont-bridge-road-pyrmont-nsw-2009-2019641381
20,https://www.domain.com.au/1036-1-steam-mill-lane-haymarket-nsw-2000-2019641410
20,https://www.domain.com.au/2212-12-neild-avenue-darlinghurst-nsw-2010-2019640632
20,https://www.domain.com.au/507-2-4-cunningham-street-haymarket-nsw-2000-2019628709
20,https://www.domain.com.au/69-50-58-roslyn-gardens-rushcutters-bay-nsw-2011-2019625863
20,https://www.domain.com.au/36-102-miller-street-pyrmont-nsw-2009-2019616400
20,https://www.domain.com.au/59b-2-watermans-quay-barangaroo-nsw-2000-2019607454
20,https://www.domain.com.au/16-56-pirrama-road-pyrmont-nsw-2009-2019576671
20,https://www.domain.com.au/1-533-elizabeth-street-surry-hills-nsw-2010-2019566787
20,https://www.domain.com.au/190-298-304-sussex-street-sydney-nsw-2000-2019258218
20,https://www.domain.com.au/3501-343-pitt-street-sydney-nsw-2000-2019602756
20,https://www.domain.com.au/2701-433-kent-street-sydney-nsw-2000-2019611047
21,https://www.domain.com.au/8b-2-watermans-quay-barangaroo-nsw-2000-2019556432
21,https://www.domain.com.au/e1201-24-26-point-street-pyrmont-nsw-2009-2019544585
21,https://www.domain.com.au/4-2-14-bunn-street-pyrmont-nsw-2009-2019539347
21,https://www.domain.com.au/279-forbes-street-darlinghurst-nsw-2010-2019536352
21,https://www.domain.com.au/35-101-103-macleay-street-potts-point-nsw-2011-2019536122
21,https://www.domain.com.au/51-55-reservoir-street-surry-hills-nsw-2010-2019529834
21,https://www.domain.com.au/9-2-kings-lane-darlinghurst-nsw-2010-2019527522
21,https://www.domain.com.au/108-6-cowper-wharf-roadway-woolloomooloo-nsw-2011-2019521543
21,https://www.domain.com.au/383-riley-street-surry-hills-nsw-2010-2019520603
21,https://www.domain.com.au/31-104-miller-street-pyrmont-nsw-2009-2019518382
21,https://www.domain.com.au/5203-1a-barangaroo-avenue-barangaroo-nsw-2000-2019516961
21,https://www.domain.com.au/5903-1a-barangaroo-avenue-barangaroo-nsw-2000-2019505790
21,https://www.domain.com.au/26-1-29-bunn-street-pyrmont-nsw-2009-2019480611
21,https://www.domain.com.au/unit-103-2-springfield-ave-potts-point-nsw-2011-2019476764
21,https://www.domain.com.au/177-palmer-street-darlinghurst-nsw-2010-2019476232
21,https://www.domain.com.au/111-38e-cumberland-street-the-rocks-nsw-2000-2019476083
21,https://www.domain.com.au/3801-2-4-cunningham-street-haymarket-nsw-2000-2019475493
21,https://www.domain.com.au/704-24-refinery-drive-pyrmont-nsw-2009-2019449583
21,https://www.domain.com.au/1026-243-pyrmont-street-pyrmont-nsw-2009-2019447475
21,https://www.domain.com.au/602-10-nicolle-walk-haymarket-nsw-2000-2019444919
21,https://www.domain.com.au/190-298-304-sussex-street-sydney-nsw-2000-2019258218
21,https://www.domain.com.au/3501-343-pitt-street-sydney-nsw-2000-2019602756
21,https://www.domain.com.au/2701-433-kent-street-sydney-nsw-2000-2019611047
22,https://www.domain.com.au/305-38d-cumberland-street-the-rocks-nsw-2000-2019442807
22,https://www.domain.com.au/2406-1-kings-cross-road-darlinghurst-nsw-2010-2019439910
22,https://www.domain.com.au/161-palmer-street-darlinghurst-nsw-2010-2019437761
22,https://www.domain.com.au/3262-65-tumbalong-boulevard-haymarket-nsw-2000-2019435319
22,https://www.domain.com.au/1706-83-harbour-street-haymarket-nsw-2000-2019426430
22,https://www.domain.com.au/8-25-elizabeth-bay-rd-elizabeth-bay-nsw-2011-2019417047
22,https://www.domain.com.au/2c-153-bayswater-road-rushcutters-bay-nsw-2011-2019408824
22,https://www.domain.com.au/1-2-4-bellevue-street-surry-hills-nsw-2010-2019396418
22,https://www.domain.com.au/120-cathedral-street-woolloomooloo-nsw-2011-2019396187
22,https://www.domain.com.au/9b-88-barangaroo-avenue-barangaroo-nsw-2000-2019392614
22,https://www.domain.com.au/538-243-pyrmont-street-pyrmont-nsw-2009-2019384806
22,https://www.domain.com.au/517-261-harris-street-pyrmont-nsw-2009-2019368646
22,https://www.domain.com.au/243-6-cowper-wharf-roadway-woolloomooloo-nsw-2011-2019359546
22,https://www.domain.com.au/203-29-barangaroo-avenue-barangaroo-nsw-2000-2019288911
22,https://www.domain.com.au/105-161-165-brougham-street-woolloomooloo-nsw-2011-2019270087
22,https://www.domain.com.au/poplar-street-surry-hills-nsw-2010-2019231941
22,https://www.domain.com.au/1701-2-quay-street-haymarket-nsw-2000-2019204458
22,https://www.domain.com.au/62-argyle-place-millers-point-nsw-2000-2019181195
22,https://www.domain.com.au/301-8-darling-island-road-pyrmont-nsw-2009-2019163157
22,https://www.domain.com.au/11-lower-fort-street-millers-point-nsw-2000-2019054096
22,https://www.domain.com.au/190-298-304-sussex-street-sydney-nsw-2000-2019258218
22,https://www.domain.com.au/3501-343-pitt-street-sydney-nsw-2000-2019602756
22,https://www.domain.com.au/2701-433-kent-street-sydney-nsw-2000-2019611047
23,https://www.domain.com.au/19-hickson-road-dawes-point-nsw-2000-2019081297
23,https://www.domain.com.au/12-170-pyrmont-street-pyrmont-nsw-2009-2019033634
23,https://www.domain.com.au/9-4-mcdonald-street-potts-point-nsw-2011-2018988633
23,https://www.domain.com.au/1705-81-harbour-street-haymarket-nsw-2000-2018965088
23,https://www.domain.com.au/72-gloucester-street-the-rocks-nsw-2000-2018911272
23,https://www.domain.com.au/211-19-35-bayswater-road-potts-point-nsw-2011-2018878520
23,https://www.domain.com.au/10-high-street-millers-point-nsw-2000-2018847644
23,https://www.domain.com.au/haymarket-nsw-2000-2018825342
23,https://www.domain.com.au/3-bedroom-100-bayswater-road-rushcutters-bay-nsw-2011-2018781816
23,https://www.domain.com.au/312-19-35-bayswater-road-potts-point-nsw-2011-2018764761
23,https://www.domain.com.au/wholefloor-1a-barangaroo-avenue-barangaroo-nsw-2000-2018733555
23,https://www.domain.com.au/high-rise-1a-barangaroo-avenue-barangaroo-nsw-2000-2018731830
23,https://www.domain.com.au/107-414-418-pitt-street-haymarket-nsw-2000-2018695970
23,https://www.domain.com.au/6-1a-roslyn-street-potts-point-nsw-2011-2019734574
23,https://www.domain.com.au/19-93-elizabeth-bay-road-elizabeth-bay-nsw-2011-2019623587
23,https://www.domain.com.au/8-543-551-elizabeth-street-surry-hills-nsw-2010-2019730685
23,https://www.domain.com.au/3-277-285-crown-street-surry-hills-nsw-2010-2019730379
23,https://www.domain.com.au/29-14-royston-street-darlinghurst-nsw-2010-2019729768
23,https://www.domain.com.au/9-24-royston-street-darlinghurst-nsw-2010-2019728576
23,https://www.domain.com.au/3-sims-street-darlinghurst-nsw-2010-2019728224
23,https://www.domain.com.au/190-298-304-sussex-street-sydney-nsw-2000-2019258218
23,https://www.domain.com.au/3501-343-pitt-street-sydney-nsw-2000-2019602756
23,https://www.domain.com.au/2701-433-kent-street-sydney-nsw-2000-2019611047
24,https://www.domain.com.au/713-13-15-bayswater-road-potts-point-nsw-2011-2019728217
24,https://www.domain.com.au/901-40-macleay-street-elizabeth-bay-nsw-2011-2019727751
24,https://www.domain.com.au/42-288-wattle-street-ultimo-nsw-2007-2019727181
24,https://www.domain.com.au/18-107-oxford-street-darlinghurst-nsw-2010-2019727055
24,https://www.domain.com.au/113-2-12-smail-street-ultimo-nsw-2007-2019727030
24,https://www.domain.com.au/21-517-elizabeth-street-surry-hills-nsw-2010-2019633080
24,https://www.domain.com.au/36-16-20-kings-cross-road-potts-point-nsw-2011-2019725780
24,https://www.domain.com.au/69-harris-street-pyrmont-nsw-2009-2019725727
24,https://www.domain.com.au/411-66-bowman-street-pyrmont-nsw-2009-2019725270
24,https://www.domain.com.au/51a-2-watermans-quay-barangaroo-nsw-2000-2019724718
24,https://www.domain.com.au/202-349-357-bulwara-road-ultimo-nsw-2007-2019724305
24,https://www.domain.com.au/901-81-macleay-street-potts-point-nsw-2011-2019721822
24,https://www.domain.com.au/806-508-riley-street-surry-hills-nsw-2010-2019720482
24,https://www.domain.com.au/3337-65-tumbalong-boulevard-haymarket-nsw-2000-2019717707
24,https://www.domain.com.au/304-1-distillery-drive-pyrmont-nsw-2009-2019710387
24,https://www.domain.com.au/9c-88-barangaroo-avenue-barangaroo-nsw-2000-2019540263
24,https://www.domain.com.au/37-111-115-foveaux-street-surry-hills-nsw-2010-2019706521
24,https://www.domain.com.au/206-2-jones-bay-road-pyrmont-nsw-2009-2019699602
24,https://www.domain.com.au/57-15-19-boundary-street-darlinghurst-nsw-2010-2019680575
24,https://www.domain.com.au/9-mcdonald-street-potts-point-nsw-2011-2019675111
24,https://www.domain.com.au/190-298-304-sussex-street-sydney-nsw-2000-2019258218
24,https://www.domain.com.au/3501-343-pitt-street-sydney-nsw-2000-2019602756
24,https://www.domain.com.au/2701-433-kent-street-sydney-nsw-2000-2019611047
25,https://www.domain.com.au/1306-1-kings-cross-road-darlinghurst-nsw-2010-2019675027
25,https://www.domain.com.au/114-6-14-oxford-street-darlinghurst-nsw-2010-2019673782
25,https://www.domain.com.au/level-36-88-barangaroo-avenue-barangaroo-nsw-2000-2019655950
25,https://www.domain.com.au/810-28-macleay-street-elizabeth-bay-nsw-2011-2019652532
25,https://www.domain.com.au/205-50-murray-street-pyrmont-nsw-2009-2019647217
25,https://www.domain.com.au/201-17a-hickson-road-dawes-point-nsw-2000-2019646397
25,https://www.domain.com.au/2-11a-billyard-avenue-elizabeth-bay-nsw-2011-2019645491
25,https://www.domain.com.au/114-431-bourke-street-surry-hills-nsw-2010-2019620968
25,https://www.domain.com.au/38-cumberland-street-the-rocks-nsw-2000-2019615266
25,https://www.domain.com.au/301-117-kippax-street-surry-hills-nsw-2010-2019614357
25,https://www.domain.com.au/6303-1a-barangaroo-avenue-barangaroo-nsw-2000-2019605993
25,https://www.domain.com.au/22-merriman-street-millers-point-nsw-2000-2019602286
25,https://www.domain.com.au/7201-1a-barangaroo-avenue-barangaroo-nsw-2000-2019601341
25,https://www.domain.com.au/2105-185-211-broadway-ultimo-nsw-2007-2019595908
25,https://www.domain.com.au/255-bourke-street-darlinghurst-nsw-2010-2019593461
25,https://www.domain.com.au/503-99-jones-street-ultimo-nsw-2007-2019585017
25,https://www.domain.com.au/3103-65-tumbalong-boulevard-haymarket-nsw-2000-2019584074
25,https://www.domain.com.au/8d-88-barangaroo-avenue-barangaroo-nsw-2000-2019579394
25,https://www.domain.com.au/303-184-forbes-street-darlinghurst-nsw-2010-2019573649
25,https://www.domain.com.au/306-6-8-ward-avenue-elizabeth-bay-nsw-2011-2019549659
25,https://www.domain.com.au/190-298-304-sussex-street-sydney-nsw-2000-2019258218
25,https://www.domain.com.au/3501-343-pitt-street-sydney-nsw-2000-2019602756
25,https://www.domain.com.au/2701-433-kent-street-sydney-nsw-2000-2019611047
26,https://www.domain.com.au/32a-88-barangaroo-avenue-barangaroo-nsw-2000-2019535977
26,https://www.domain.com.au/22h-6-watermans-quay-barangaroo-nsw-2000-2019533205
26,https://www.domain.com.au/71-kent-street-millers-point-nsw-2000-2019529750
26,https://www.domain.com.au/8e-153-167-bayswater-road-rushcutters-bay-nsw-2011-2019528418
26,https://www.domain.com.au/pyrmont-street-pyrmont-nsw-2009-2019522216
26,https://www.domain.com.au/312-38e-cumberland-street-the-rocks-nsw-2000-2019518322
26,https://www.domain.com.au/d308-26-point-street-pyrmont-nsw-2009-2019515193
26,https://www.domain.com.au/203-25-barangaroo-avenue-barangaroo-nsw-2000-2019514274
26,https://www.domain.com.au/404-200-william-street-woolloomooloo-nsw-2011-2019500025
26,https://www.domain.com.au/62-kent-street-millers-point-nsw-2000-2019489509
26,https://www.domain.com.au/86-gloucester-street-the-rocks-nsw-2000-2019477649
26,https://www.domain.com.au/223-6-cowper-wharf-roadway-woolloomooloo-nsw-2011-2019475693
26,https://www.domain.com.au/94-kent-street-millers-point-nsw-2000-2019459717
26,https://www.domain.com.au/-iona-2-darley-street-darlinghurst-nsw-2010-2019459218
26,https://www.domain.com.au/309-38d-cumberland-street-the-rocks-nsw-2000-2019432014
26,https://www.domain.com.au/g03-2-60-cumberland-street-the-rocks-nsw-2000-2019427449
26,https://www.domain.com.au/301-95-97-bourke-street-woolloomooloo-nsw-2011-2019195549
26,https://www.domain.com.au/55d-88-barangaroo-avenue-barangaroo-nsw-2000-2019424633
26,https://www.domain.com.au/3382-65-tumbalong-boulevard-haymarket-nsw-2000-2019410889
26,https://www.domain.com.au/84-elizabeth-bay-road-elizabeth-bay-nsw-2011-2019401710
26,https://www.domain.com.au/190-298-304-sussex-street-sydney-nsw-2000-2019258218
26,https://www.domain.com.au/3501-343-pitt-street-sydney-nsw-2000-2019602756
26,https://www.domain.com.au/2701-433-kent-street-sydney-nsw-2000-2019611047
27,https://www.domain.com.au/2-watermans-quay-barangaroo-nsw-2000-2019065990
27,https://www.domain.com.au/542b-6-cowper-wharf-roadway-woolloomooloo-nsw-2011-2019346002
27,https://www.domain.com.au/562-6-cowper-wharf-roadway-woolloomooloo-nsw-2011-2019335336
27,https://www.domain.com.au/2-quay-street-haymarket-nsw-2000-2018797753
27,https://www.domain.com.au/434-517-527-elizabeth-st-surry-hills-nsw-2010-2019195281
27,https://www.domain.com.au/33-91-goulburn-street-haymarket-nsw-2000-2019214680
27,https://www.domain.com.au/88-dowling-street-woolloomooloo-nsw-2011-2019204403
27,https://www.domain.com.au/3105-185-211-broadway-ultimo-nsw-2007-2019178042
27,https://www.domain.com.au/302-27-barangaroo-avenue-barangaroo-nsw-2000-2014258977
27,https://www.domain.com.au/1804-81-penthouse-macleay-street-potts-point-nsw-2011-2019097304
27,https://www.domain.com.au/23-3a-farrell-avenue-darlinghurst-nsw-2010-2019084689
27,https://www.domain.com.au/204-177-185-william-street-darlinghurst-nsw-2010-2019062810
27,https://www.domain.com.au/56d-88-barangaroo-avenue-barangaroo-nsw-2000-2019017793
27,https://www.domain.com.au/801-8-darling-island-road-pyrmont-nsw-2009-2018837987
27,https://www.domain.com.au/2022-185-broadway-ultimo-nsw-2007-2019298048
27,https://www.domain.com.au/30-199a-victoria-street-potts-point-nsw-2011-2019758685
27,https://www.domain.com.au/15-8-norman-street-darlinghurst-nsw-2010-2019754717
27,https://www.domain.com.au/18-587-589-riley-street-surry-hills-nsw-2010-2019554635
27,https://www.domain.com.au/2-74-elizabeth-bay-road-elizabeth-bay-nsw-2011-2019537086
27,https://www.domain.com.au/63-65-flinders-street-surry-hills-nsw-2010-2019526173
27,https://www.domain.com.au/190-298-304-sussex-street-sydney-nsw-2000-2019258218
27,https://www.domain.com.au/3501-343-pitt-street-sydney-nsw-2000-2019602756
27,https://www.domain.com.au/2701-433-kent-street-sydney-nsw-2000-2019611047
28,https://www.domain.com.au/16-533-535-elizabeth-street-surry-hills-nsw-2010-2019509049
28,https://www.domain.com.au/1101-38d-cumberland-street-the-rocks-nsw-2000-2019459685
28,https://www.domain.com.au/164-devonshire-street-surry-hills-nsw-2010-2019464601
28,https://www.domain.com.au/308-harris-street-pyrmont-nsw-2009-2019253657
28,https://www.domain.com.au/2-2-tusculum-street-potts-point-nsw-2011-2019358813
28,https://www.domain.com.au/539-6-cowper-wharf-roadway-woolloomooloo-nsw-2011-2019245047
28,https://www.domain.com.au/22-533-535-elizabeth-street-surry-hills-nsw-2010-2019018923
28,https://www.domain.com.au/2104-82-hay-street-haymarket-nsw-2000-2018841983
28,https://www.domain.com.au/unit-909-88-hay-st-haymarket-nsw-2000-2018752656
28,https://www.domain.com.au/334-420-pitt-street-haymarket-nsw-2000-2018664013
28,https://www.domain.com.au/7301-1a-barangaroo-avenue-barangaroo-nsw-2000-2018551008
28,https://www.domain.com.au/16-mount-street-pyrmont-nsw-2009-2018487363
28,https://www.domain.com.au/c10-83-harrington-street-the-rocks-nsw-2000-2018458062
28,https://www.domain.com.au/unit-502-6-8-ward-ave-elizabeth-bay-nsw-2011-2018443463
28,https://www.domain.com.au/216-280-jones-street-pyrmont-nsw-2009-2018418758
28,https://www.domain.com.au/13f-82-darlinghurst-road-potts-point-nsw-2011-2018154607
28,https://www.domain.com.au/4101-2-quay-street-haymarket-nsw-2000-2018024577
28,https://www.domain.com.au/7-85-harrington-street-the-rocks-nsw-2000-2017900309
28,https://www.domain.com.au/84-230-elizabeth-street-surry-hills-nsw-2010-2017622770
28,https://www.domain.com.au/33-bayswater-road-potts-point-nsw-2011-2017306001
28,https://www.domain.com.au/190-298-304-sussex-street-sydney-nsw-2000-2019258218
28,https://www.domain.com.au/3501-343-pitt-street-sydney-nsw-2000-2019602756
28,https://www.domain.com.au/2701-433-kent-street-sydney-nsw-2000-2019611047
29,https://www.domain.com.au/491-493-elizabeth-street-surry-hills-nsw-2010-2017283259
29,https://www.domain.com.au/226-victoria-street-potts-point-nsw-2011-2015013520
29,https://www.domain.com.au/8a-6-watermans-quay-barangaroo-nsw-2000-2019767244
29,https://www.domain.com.au/level-26-82-hay-st-haymarket-nsw-2000-2017880651
29,https://www.domain.com.au/125-126-19-35-bayswater-road-potts-point-nsw-2011-2019439885
29,https://www.domain.com.au/19-52-kings-cross-road-rushcutters-bay-nsw-2011-2019238284
29,https://www.domain.com.au/2704-81-harbour-st-haymarket-nsw-2000-2019489775
29,https://www.domain.com.au/1509-178-thomas-st-haymarket-nsw-2000-2018949498
29,https://www.domain.com.au/3279-65-tumbalong-blvd-haymarket-nsw-2000-2019572953
29,https://www.domain.com.au/wattle-street-ultimo-nsw-2007-2019736171
29,https://www.domain.com.au/1402-82-hay-street-haymarket-nsw-2000-2019428244
29,https://www.domain.com.au/500-elizabeth-street-surry-hills-nsw-2010-2019733709
29,https://www.domain.com.au/woolloomooloo-nsw-2011-2019644822
29,https://www.domain.com.au/2093-185-211-broadway-ultimo-nsw-2007-2019732643
29,https://www.domain.com.au/3265-65-tumbalong-blvd-haymarket-nsw-2000-2019732473
29,https://www.domain.com.au/28h-6-watermans-quay-barangaroo-nsw-2000-2019452072
29,https://www.domain.com.au/2406-82-hay-st-haymarket-nsw-2000-2019329710
29,https://www.domain.com.au/4133-185-broadway-st-ultimo-nsw-2007-2019727996
29,https://www.domain.com.au/3138-65-tumbalong-boulevard-haymarket-nsw-2000-2019726634
29,https://www.domain.com.au/2510-82-hay-st-haymarket-nsw-2000-2019627870
29,https://www.domain.com.au/190-298-304-sussex-street-sydney-nsw-2000-2019258218
29,https://www.domain.com.au/3501-343-pitt-street-sydney-nsw-2000-2019602756
29,https://www.domain.com.au/2701-433-kent-street-sydney-nsw-2000-2019611047
30,https://www.domain.com.au/high-level-2-watermans-quay-barangaroo-nsw-2000-2019717361
30,https://www.domain.com.au/2305-82-hay-st-haymarket-nsw-2000-2019348225
30,https://www.domain.com.au/mid-level-88-barangaroo-ave-barangaroo-nsw-2000-2019206297
30,https://www.domain.com.au/mid-level-barangaroo-ave-barangaroo-nsw-2000-2019208081
30,https://www.domain.com.au/3274-65-tumbalong-blvd-haymarket-nsw-2000-2019349333
30,https://www.domain.com.au/1603-6-little-hay-street-haymarket-nsw-2000-2019286269
30,https://www.domain.com.au/6-4-10-dawson-st-surry-hills-nsw-2010-2019604819
30,https://www.domain.com.au/2502-82-hay-st-haymarket-nsw-2000-2019307969
30,https://www.domain.com.au/518-317-castlereagh-st-haymarket-nsw-2000-2019702326
30,https://www.domain.com.au/15b-2-watermans-quay-barangaroo-nsw-2000-2019489657
30,https://www.domain.com.au/apt-425-50-macleay-street-potts-point-nsw-2011-2019691425
30,https://www.domain.com.au/105-10-nicolle-walk-haymarket-nsw-2000-2019688534
30,https://www.domain.com.au/20-301-castlereagh-st-haymarket-nsw-2000-2019671343
30,https://www.domain.com.au/unit-1208-38-52-college-street-darlinghurst-nsw-2010-2019664842
30,https://www.domain.com.au/3x-f-2-watermans-quay-barangaroo-nsw-2000-2019295998
30,https://www.domain.com.au/unit-9-16-18-roslyn-gardens-rushcutters-bay-nsw-2011-2019659515
30,https://www.domain.com.au/level-5-8-distillery-drive-pyrmont-nsw-2009-2019650888
30,https://www.domain.com.au/508-19-35-bayswater-road-potts-point-nsw-2011-2019645986
30,https://www.domain.com.au/301-19-35-bayswater-road-potts-point-nsw-2011-2019643895
30,https://www.domain.com.au/1707-82-hay-st-haymarket-nsw-2000-2019632558
30,https://www.domain.com.au/190-298-304-sussex-street-sydney-nsw-2000-2019258218
30,https://www.domain.com.au/3501-343-pitt-street-sydney-nsw-2000-2019602756
30,https://www.domain.com.au/2701-433-kent-street-sydney-nsw-2000-2019611047
31,https://www.domain.com.au/50-68-sir-john-young-crescent-woolloomooloo-nsw-2011-2019627060
31,https://www.domain.com.au/5-15-little-bourke-street-surry-hills-nsw-2010-2019616255
31,https://www.domain.com.au/28d-2-watermans-quay-barangaroo-nsw-2000-2019609054
31,https://www.domain.com.au/52a-2-watermans-quay-barangaroo-nsw-2000-2019607941
31,https://www.domain.com.au/57c-2-watermans-quay-barangaroo-nsw-2000-2019607939
31,https://www.domain.com.au/132-220-234-goulburn-street-darlinghurst-nsw-2010-2019596013
31,https://www.domain.com.au/35c-2-watermans-quay-barangaroo-nsw-2000-2019591129
31,https://www.domain.com.au/high-level-81-harbour-st-haymarket-nsw-2000-2019591100
31,https://www.domain.com.au/6d-2-watermans-quay-barangaroo-nsw-2000-2019583956
31,https://www.domain.com.au/4019-185-211-broadway-ultimo-nsw-2007-2019577266
31,https://www.domain.com.au/10-12-royston-street-darlinghurst-nsw-2010-2019571883
31,https://www.domain.com.au/309-1-boomerang-pl-woolloomooloo-nsw-2011-2019568921
31,https://www.domain.com.au/46-20-22-springfield-avenue-potts-point-nsw-2011-2019565280
31,https://www.domain.com.au/unit-607-82-hay-street-haymarket-nsw-2000-2019564305
31,https://www.domain.com.au/611-178-thomas-street-haymarket-nsw-2000-2019555960
31,https://www.domain.com.au/high-level-2-watermans-quay-barangaroo-nsw-2000-2019524864
31,https://www.domain.com.au/50e-2-watermans-quay-barangaroo-nsw-2000-2019380054
31,https://www.domain.com.au/2032-53-tumbalong-boulevard-haymarket-nsw-2000-2019520350
31,https://www.domain.com.au/80-bulwara-road-pyrmont-nsw-2009-2019514290
31,https://www.domain.com.au/1a-4-distillery-drive-pyrmont-nsw-2009-2019504520
31,https://www.domain.com.au/190-298-304-sussex-street-sydney-nsw-2000-2019258218
31,https://www.domain.com.au/3501-343-pitt-street-sydney-nsw-2000-2019602756
31,https://www.domain.com.au/2701-433-kent-street-sydney-nsw-2000-2019611047
32,https://www.domain.com.au/1805-98-gloucester-st-the-rocks-nsw-2000-2019503210
32,https://www.domain.com.au/18-60-70-william-street-woolloomooloo-nsw-2011-2019496022
32,https://www.domain.com.au/mid-level-6-watermans-quay-barangaroo-nsw-2000-2019287275
32,https://www.domain.com.au/2058-185-211-broadway-ultimo-nsw-2007-2019476400
32,https://www.domain.com.au/high-level-2-watermans-quay-barangaroo-nsw-2000-2019252576
32,https://www.domain.com.au/cs62-360-harris-street-pyrmont-nsw-2009-2019458997
32,https://www.domain.com.au/4140-185-broadway-st-ultimo-nsw-2007-2019458303
32,https://www.domain.com.au/801-6-little-hay-street-haymarket-nsw-2000-2019457348
32,https://www.domain.com.au/2403-81-harbour-st-haymarket-nsw-2000-2019445618
32,https://www.domain.com.au/level-6-647-243-pyrmont-street-pyrmont-nsw-2009-2019435590
32,https://www.domain.com.au/316-69-jones-street-ultimo-nsw-2007-2019396598
32,https://www.domain.com.au/level-6-2-cunningham-street-haymarket-nsw-2000-2019380797
32,https://www.domain.com.au/cs129-360-harris-street-pyrmont-nsw-2009-2019366230
32,https://www.domain.com.au/33-ultimo-road-haymarket-nsw-2000-2019364898
32,https://www.domain.com.au/104-360-harris-street-pyrmont-nsw-2009-2019353616
32,https://www.domain.com.au/level-3-276-bulwara-road-ultimo-nsw-2007-2019335307
32,https://www.domain.com.au/22a-2-watermans-quay-barangaroo-nsw-2000-2019334386
32,https://www.domain.com.au/2008-82-hay-street-haymarket-nsw-2000-2019334289
32,https://www.domain.com.au/6b-2-watermans-quay-barangaroo-nsw-2000-2019334001
32,https://www.domain.com.au/26f-2-watermans-quay-barangaroo-nsw-2000-2019333999
32,https://www.domain.com.au/190-298-304-sussex-street-sydney-nsw-2000-2019258218
32,https://www.domain.com.au/3501-343-pitt-street-sydney-nsw-2000-2019602756
32,https://www.domain.com.au/2701-433-kent-street-sydney-nsw-2000-2019611047
33,https://www.domain.com.au/harbour-street-haymarket-nsw-2000-2019331949
33,https://www.domain.com.au/20-471-south-dowling-street-surry-hills-nsw-2010-2019330535
33,https://www.domain.com.au/303-144-150-liverpool-street-darlinghurst-nsw-2010-2019318636
33,https://www.domain.com.au/204-478-wattle-street-ultimo-nsw-2007-2019313632
33,https://www.domain.com.au/2-bedroom-100-bayswater-road-rushcutters-bay-nsw-2011-2019310148
33,https://www.domain.com.au/mid-level-81-harbour-st-haymarket-nsw-2000-2019295905
33,https://www.domain.com.au/1-bedroom-100-bayswater-road-rushcutters-bay-nsw-2011-2019287310
33,https://www.domain.com.au/6x-a-2-watermans-quay-barangaroo-nsw-2000-2019266216
33,https://www.domain.com.au/17c-88-barangaroo-avenue-barangaroo-nsw-2000-2019279554
33,https://www.domain.com.au/level-17-6-little-hay-street-haymarket-nsw-2000-2019237847
33,https://www.domain.com.au/12-56-mount-street-pyrmont-nsw-2009-2019229689
33,https://www.domain.com.au/301-88-hay-st-haymarket-nsw-2000-2018755832
33,https://www.domain.com.au/1142-1-steam-mill-lane-haymarket-nsw-2000-2018643331
33,https://www.domain.com.au/120-1-wattle-crescent-pyrmont-nsw-2009-2019206001
33,https://www.domain.com.au/2403-81-harbour-street-haymarket-nsw-2000-2019202356
33,https://www.domain.com.au/4111-2-quay-st-haymarket-nsw-2000-2019008691
33,https://www.domain.com.au/2304-82-hay-st-haymarket-nsw-2000-2018523425
33,https://www.domain.com.au/1206-82-hay-st-haymarket-nsw-2000-2017674344
33,https://www.domain.com.au/1107-82-hay-st-haymarket-nsw-2000-2017826535
33,https://www.domain.com.au/2086-185-broadway-ultimo-nsw-2007-2019190307
33,https://www.domain.com.au/190-298-304-sussex-street-sydney-nsw-2000-2019258218
33,https://www.domain.com.au/3501-343-pitt-street-sydney-nsw-2000-2019602756
33,https://www.domain.com.au/2701-433-kent-street-sydney-nsw-2000-2019611047
34,https://www.domain.com.au/3080-185-broadway-ultimo-nsw-2007-2019190305
34,https://www.domain.com.au/99-460-482-jones-street-ultimo-nsw-2007-2019179811
34,https://www.domain.com.au/2702-81-harbour-st-haymarket-nsw-2000-2018261760
34,https://www.domain.com.au/haymarket-nsw-2000-2019132228
34,https://www.domain.com.au/3705-81-harbour-street-haymarket-nsw-2000-2019131989
34,https://www.domain.com.au/level-9-88-barangaroo-ave-barangaroo-nsw-2000-2018831603
34,https://www.domain.com.au/83-harbour-street-haymarket-nsw-2000-2019106266
34,https://www.domain.com.au/mid-level-83-harbour-st-haymarket-nsw-2000-2018562090
34,https://www.domain.com.au/104-81-harbour-st-haymarket-nsw-2000-2019085741
34,https://www.domain.com.au/level-2x-88-barangaroo-ave-barangaroo-nsw-2000-2018889211
34,https://www.domain.com.au/level-11-33-ultimo-road-haymarket-nsw-2000-2018951007
34,https://www.domain.com.au/1002-6-little-hay-street-haymarket-nsw-2000-2017607628
34,https://www.domain.com.au/201-33-ultimo-road-haymarket-nsw-2000-2018890233
34,https://www.domain.com.au/392-jones-street-ultimo-nsw-2007-2018879105
34,https://www.domain.com.au/1071-185-211-broadway-ultimo-nsw-2007-2018872812
34,https://www.domain.com.au/120-140-pyrmont-pyrmont-nsw-2009-2018831000
34,https://www.domain.com.au/2042-185-211-broadway-ultimo-nsw-2007-2018796849
34,https://www.domain.com.au/mid-level-81-harbour-st-haymarket-nsw-2000-2018438969
34,https://www.domain.com.au/11-83-harbour-street-haymarket-nsw-2000-2018738070
34,https://www.domain.com.au/4108-185-broadway-ultimo-nsw-2007-2018644696
34,https://www.domain.com.au/190-298-304-sussex-street-sydney-nsw-2000-2019258218
34,https://www.domain.com.au/3501-343-pitt-street-sydney-nsw-2000-2019602756
34,https://www.domain.com.au/2701-433-kent-street-sydney-nsw-2000-2019611047
35,https://www.domain.com.au/205-22-40-sir-john-young-crescent-woolloomooloo-nsw-2011-2016991694
35,https://www.domain.com.au/25-barangaroo-ave-barangaroo-nsw-2000-2018223967
35,https://www.domain.com.au/3074-65-tumbalong-boulevard-haymarket-nsw-2000-2016529033
35,https://www.domain.com.au/cs125-126-360-harris-street-pyrmont-nsw-2009-2018118467
35,https://www.domain.com.au/82-hay-street-haymarket-nsw-2000-2018070909
35,https://www.domain.com.au/103-107-121-quay-st-haymarket-nsw-2000-2017908597
35,https://www.domain.com.au/13f-82-darlinghurst-road-potts-point-nsw-2011-2017848370
35,https://www.domain.com.au/high-level-81-harbour-st-haymarket-nsw-2000-2016100356
35,https://www.domain.com.au/26a-darling-rise-darling-square-darling-harbour-nsw-2000-2014704320
35,https://www.domain.com.au/82-hay-street-haymarket-nsw-2000-2014350528
35,https://www.domain.com.au/2801-2-quay-street-haymarket-nsw-2000-2019719323
35,https://www.domain.com.au/lvl-12-303-castlereagh-street-haymarket-nsw-2000-2019609059
35,https://www.domain.com.au/3301-91-liverpool-street-haymarket-nsw-2000-2019595072
35,https://www.domain.com.au/162-2-8-dixon-street-haymarket-nsw-2000-2019204540
35,https://www.domain.com.au/1308-33-ultimo-road-haymarket-nsw-2000-2018970144
35,https://www.domain.com.au/959-243-pyrmont-st-pyrmont-nsw-2009-2019754398
35,https://www.domain.com.au/3142-65-tumbalong-boulevard-haymarket-nsw-2000-2019265648
35,https://www.domain.com.au/2x03-81-habour-st-haymarket-nsw-2000-2019449348
35,https://www.domain.com.au/11-west-ave-darlinghurst-nsw-2010-2019731204
35,https://www.domain.com.au/lvl-21-2-quay-street-haymarket-nsw-2000-2019731180
35,https://www.domain.com.au/190-298-304-sussex-street-sydney-nsw-2000-2019258218
35,https://www.domain.com.au/3501-343-pitt-street-sydney-nsw-2000-2019602756
35,https://www.domain.com.au/2701-433-kent-street-sydney-nsw-2000-2019611047
36,https://www.domain.com.au/high-level-2-quay-street-haymarket-nsw-2000-2019731174
36,https://www.domain.com.au/s202-178-thomas-street-haymarket-nsw-2000-2019731088
36,https://www.domain.com.au/1308-82-hay-street-haymarket-nsw-2000-2019730345
36,https://www.domain.com.au/1607-718-george-st-haymarket-nsw-2000-2019728741
36,https://www.domain.com.au/32-102-104-albion-street-surry-hills-nsw-2010-2019710837
36,https://www.domain.com.au/127-336-sussex-street-haymarket-nsw-2000-2019708603
36,https://www.domain.com.au/196-303-castlereagh-st-haymarket-nsw-2000-2019307027
36,https://www.domain.com.au/1007-83-harbour-street-haymarket-nsw-2000-2019669515
36,https://www.domain.com.au/2501-718-george-street-haymarket-nsw-2000-2019658061
36,https://www.domain.com.au/1173-1-steam-mill-lane-haymarket-nsw-2000-2019070297
36,https://www.domain.com.au/615-317-321-castlereagh-street-haymarket-nsw-2000-2019647275
36,https://www.domain.com.au/6b-2-watermans-quay-barangaroo-nsw-2000-2019643966
36,https://www.domain.com.au/1707-82-hay-street-haymarket-nsw-2000-2019609042
36,https://www.domain.com.au/h6xx-2-quay-street-haymarket-nsw-2000-2019583283
36,https://www.domain.com.au/2x06-81-harbour-street-haymarket-nsw-2000-2018933710
36,https://www.domain.com.au/88-barangaroo-avenue-barangaroo-nsw-2000-2019341478
36,https://www.domain.com.au/lvl-28-2-quay-street-haymarket-nsw-2000-2018709861
36,https://www.domain.com.au/high-lvl-2-quay-street-haymarket-nsw-2000-2019571894
36,https://www.domain.com.au/1808-2-quay-street-haymarket-nsw-2000-2018949636
36,https://www.domain.com.au/805-83-harbour-street-haymarket-nsw-2000-2019568263
37,https://www.domain.com.au/1307-83-harbour-street-haymarket-nsw-2000-2018967318
37,https://www.domain.com.au/2901-81-harbour-street-haymarket-nsw-2000-2019522242
37,https://www.domain.com.au/167-2-8-dixon-street-haymarket-nsw-2000-2019103661
37,https://www.domain.com.au/1506-653-george-street-haymarket-nsw-2000-2019463355
37,https://www.domain.com.au/2410-81-harbour-street-haymarket-nsw-2000-2019443624
37,https://www.domain.com.au/2403-81-harbour-street-haymarket-nsw-2000-2019431482
37,https://www.domain.com.au/306-280-bulwara-road-ultimo-nsw-2007-2019415095
37,https://www.domain.com.au/2810-2-quay-street-haymarket-nsw-2000-2019402625
37,https://www.domain.com.au/1009-2-cunningham-st-haymarket-nsw-2000-2019368684
37,https://www.domain.com.au/88-barangaroo-avenue-barangaroo-nsw-2000-2019341484
37,https://www.domain.com.au/203-88-hay-street-haymarket-nsw-2000-2019341436
37,https://www.domain.com.au/60x-88-hay-street-haymarket-nsw-2000-2019341442
37,https://www.domain.com.au/502-88-hay-street-haymarket-nsw-2000-2018744176
37,https://www.domain.com.au/1204-81-harbour-street-haymarket-nsw-2000-2018726310
37,https://www.domain.com.au/4111-2-quay-street-haymarket-nsw-2000-2019137459
37,https://www.domain.com.au/112-1-wattle-crescent-pyrmont-nsw-2009-2018992413
37,https://www.domain.com.au/807-82-hay-street-haymarket-nsw-2000-2016007173
37,https://www.domain.com.au/804-70-tumbalong-boulevard-haymarket-nsw-2000-2018822722
37,https://www.domain.com.au/190-298-304-sussex-street-sydney-nsw-2000-2019258218
37,https://www.domain.com.au/3501-343-pitt-street-sydney-nsw-2000-2019602756
37,https://www.domain.com.au/2701-433-kent-street-sydney-nsw-2000-2019611047
